"date","AL","AK","AZ","AR","CA","CO","CT","DE","DC","FL","GA","HI","ID","IL","IN","IA","KS","KY","LA","ME","MD","MA","MI","MN","MS","MO","MT","NE","NV","NH","NJ","NM","NY","NC","ND","OH","OK","OR","PA","RI","SC","SD","TN","TX","UT","VT","VA","WA","WV","WI","WY"
"2015-01-01",854,1232,899,829,1722,1228,1306,1090,1950,1203,977,2003,860,1369,800,853,870,841,1048,1309,1385,1767,854,1132,851,838,810,865,985,1143,1541,846,2162,954,NA,810,871,1060,1084,1080,961,NA,982,1097,972,NA,1372,1250,991,993,932
"2015-02-01",845,1233,907,833,1732,1242,1307,1094,1961,1209,979,2015,888,1386,808,853,873,849,1050,1310,1385,1709,860,1135,853,841,824,868,990,1151,1547,844,2165,956,NA,814,871,1068,1086,1087,964,NA,985,1100,973,NA,1376,1257,1007,987,930
"2015-03-01",858,1238,911,840,1745,1248,1304,1105,1965,1214,982,2030,865,1376,810,851,876,855,1048,1299,1386,1717,863,1139,853,843,834,873,995,1163,1555,846,2179,960,NA,819,874,1079,1089,1097,967,NA,990,1104,983,NA,1379,1266,1009,994,930
"2015-04-01",847,1234,918,820,1757,1242,1307,1113,1983,1220,987,2031,865,1380,811,850,880,857,1058,1313,1389,1724,865,1142,853,845,842,871,998,1167,1558,849,2188,966,NA,823,876,1087,1092,1101,966,NA,992,1108,985,NA,1378,1270,1006,998,936
"2015-05-01",849,1234,919,821,1767,1244,1308,1113,1991,1226,990,2039,871,1385,813,855,882,854,1055,1313,1391,1730,868,1148,850,846,845,873,1002,1176,1560,852,2191,970,NA,825,877,1096,1100,1104,971,NA,994,1111,988,NA,1379,1274,1001,1004,944
"2015-06-01",854,1232,924,824,1775,1253,1305,1107,1994,1231,997,2038,873,1388,813,859,882,855,1061,1337,1393,1736,875,1151,850,847,840,873,1005,1170,1559,852,2197,972,NA,826,878,1102,1096,1112,974,NA,997,1110,989,NA,1379,1280,997,1005,941
"2015-07-01",864,1233,926,824,1786,1259,1310,1103,1991,1237,1000,2048,878,1391,810,862,883,854,1063,1342,1396,1742,878,1156,850,850,839,879,1009,1173,1564,853,2205,975,NA,828,881,1112,1099,1107,979,NA,1001,1114,993,NA,1381,1289,1000,1007,949
"2015-08-01",867,1228,929,825,1798,1268,1318,1107,1982,1242,1004,2053,880,1395,815,860,886,856,1066,1358,1397,1749,881,1158,858,852,840,882,1013,1180,1566,854,2215,977,NA,831,885,1123,1101,1109,982,NA,1004,1118,994,NA,1383,1299,1006,1010,947
"2015-09-01",865,1226,934,829,1807,1274,1323,1108,1993,1248,1008,2058,886,1398,819,861,887,857,1069,1353,1401,1757,885,1163,857,854,845,882,1019,1182,1575,856,2225,982,NA,835,886,1136,1105,1117,985,NA,1007,1122,999,NA,1387,1308,1007,1014,951
"2015-10-01",873,1225,939,831,1817,1283,1325,1111,2002,1254,1013,2064,889,1402,820,860,889,859,1068,1364,1405,1769,887,1148,863,856,854,880,1023,1184,1582,860,2233,986,NA,839,885,1145,1098,1133,989,NA,1011,1125,1006,NA,1390,1318,1009,1019,945
"2015-11-01",876,1229,944,835,1828,1287,1329,1115,2009,1261,1016,2074,893,1406,824,884,891,864,1069,1371,1409,1776,892,1155,856,859,854,884,1030,1194,1583,861,2240,990,NA,841,887,1152,1100,1141,994,NA,1016,1129,1017,NA,1390,1321,1012,1015,952
"2015-12-01",878,1236,948,837,1839,1295,1331,1126,2012,1266,1021,2084,899,1411,826,884,895,869,1065,1371,1412,1782,893,1158,865,861,856,889,1034,1208,1585,865,2246,986,NA,842,889,1158,1101,1146,990,NA,1020,1132,1024,NA,1392,1323,1011,1010,989
"2016-01-01",880,1235,953,839,1848,1300,1336,1129,2020,1271,1025,2084,904,1408,828,887,899,872,1073,1377,1418,1782,898,1161,865,864,850,886,1037,1216,1589,865,2224,990,NA,845,891,1164,1102,1150,993,854,1025,1135,1029,NA,1392,1322,1013,1009,993
"2016-02-01",874,1237,954,840,1857,1304,1337,1130,2033,1274,1030,2082,912,1411,829,885,900,883,1074,1383,1414,1790,894,1161,874,865,853,887,1039,1220,1595,890,2227,992,NA,845,891,1174,1106,1157,994,861,1028,1137,1030,NA,1392,1335,1011,1017,993
"2016-03-01",883,1229,957,847,1862,1310,1339,1128,2031,1277,1035,2077,915,1413,830,887,900,885,1080,1415,1415,1792,901,1163,873,866,856,887,1041,1218,1597,890,2228,994,NA,849,889,1179,1107,1156,998,857,1032,1138,1031,NA,1393,1339,1005,1018,1000
"2016-04-01",873,1230,958,853,1868,1311,1339,1126,2032,1278,1038,2079,921,1401,832,888,899,891,1064,1431,1415,1797,902,1170,874,868,855,888,1046,1218,1602,889,2231,996,NA,848,889,1182,1110,1156,1001,860,1032,1139,1034,NA,1395,1347,1007,1019,997
"2016-05-01",890,1223,964,862,1873,1317,1342,1126,2029,1281,1034,2080,923,1391,833,867,898,880,1064,1240,1416,1803,901,1175,863,873,854,890,1051,1216,1607,889,2217,997,NA,846,889,1187,1085,1160,1004,861,1035,1139,1040,NA,1399,1356,1006,1032,986
"2016-06-01",893,1215,969,862,1881,1322,1332,1131,2032,1282,1038,2086,930,1393,836,888,901,880,1064,1238,1416,1813,906,1182,866,879,856,892,1056,1224,1614,890,2223,1000,NA,851,891,1195,1087,1162,997,859,1038,1142,1046,NA,1384,1367,1019,1036,981
"2016-07-01",890,1206,974,863,1887,1325,1331,1136,2038,1285,1044,2090,935,1398,838,891,904,882,1060,1234,1416,1821,910,1185,868,882,862,895,1059,1235,1620,896,2226,1003,NA,854,889,1199,1089,1175,1000,857,1041,1144,1051,NA,1385,1375,1031,1036,973
"2016-08-01",891,1206,978,867,1892,1326,1331,1138,2048,1288,1049,2090,943,1393,839,893,909,887,1060,1251,1418,1829,915,1191,870,884,866,900,1064,1244,1621,898,2231,1007,NA,854,887,1201,1092,1180,1004,855,1044,1147,1059,1268,1388,1381,1024,1038,972
"2016-09-01",893,1206,981,868,1897,1328,1334,1135,2054,1292,1053,2089,946,1396,833,897,913,889,1062,1258,1418,1838,917,1195,871,886,869,904,1068,1250,1624,902,2237,1011,NA,850,887,1204,1094,1190,1009,864,1047,1149,1063,1294,1390,1387,1035,1039,971
"2016-10-01",895,1208,985,871,1902,1330,1337,1136,2052,1295,1057,2085,953,1398,834,897,914,891,1068,1263,1420,1845,921,1203,875,890,869,910,1073,1257,1626,903,2244,1017,NA,852,888,1212,1107,1192,1011,871,1050,1151,1067,1341,1394,1394,1038,1042,967
"2016-11-01",896,1207,988,871,1909,1333,1353,1135,2056,1298,1061,2088,954,1410,835,900,919,891,1074,1244,1420,1846,923,1207,878,892,869,907,1077,1261,1635,907,2253,1019,NA,855,886,1218,1099,1201,1013,865,1051,1151,1071,1360,1396,1403,1051,1045,963
"2016-12-01",897,1201,992,877,1916,1337,1354,1133,2059,1300,1066,2085,960,1398,836,902,904,894,1078,1254,1422,1849,928,1192,898,894,870,910,1082,1267,1641,907,2257,1021,826,862,888,1224,1102,1214,1015,861,1053,1149,1074,1374,1399,1410,1072,1024,965
"2017-01-01",899,1201,999,879,1928,1344,1347,1137,2068,1306,1060,2095,962,1400,837,905,902,899,1080,1257,1426,1857,930,1196,896,895,874,910,1088,1272,1648,912,2262,1023,825,859,889,1229,1106,1220,1020,863,1057,1150,1077,1382,1402,1418,957,1029,964
"2017-02-01",903,1196,1005,883,1940,1352,1349,1139,2079,1312,1065,2105,973,1405,842,906,903,905,1079,1264,1432,1867,936,1202,894,898,878,915,1096,1278,1653,915,2265,1028,830,864,892,1236,1109,1218,1027,873,1063,1155,1085,1384,1406,1427,959,1055,968
"2017-03-01",907,1203,1012,886,1954,1360,1353,1145,2094,1320,1071,2118,981,1412,846,909,908,909,1079,1261,1437,1878,940,1209,899,902,880,920,1104,1284,1659,923,2271,1035,829,869,892,1246,1113,1221,1030,881,1069,1161,1092,1407,1410,1439,956,1028,970
"2017-04-01",911,1205,1016,889,1964,1369,1360,1148,2104,1324,1077,2132,991,1417,850,913,912,910,1081,1257,1438,1886,946,1213,902,905,881,923,1109,1295,1662,925,2275,1040,831,879,895,1251,1116,1226,1034,883,1072,1164,1098,1411,1406,1449,954,1030,972
"2017-05-01",912,1208,1023,889,1973,1376,1368,1153,2102,1329,1083,2129,999,1422,852,915,905,913,1084,1271,1441,1889,950,1216,906,908,882,923,1116,1299,1668,927,2279,1045,822,873,897,1255,1118,1233,1036,881,1076,1168,1104,1433,1410,1457,959,1035,972
"2017-06-01",912,1204,1027,892,1980,1381,1372,1151,2103,1334,1089,2128,1003,1424,840,916,907,916,1084,1276,1443,1892,955,1222,911,909,883,926,1123,1302,1672,928,2281,1049,820,876,898,1256,1119,1231,1041,884,1076,1169,1111,1405,1413,1465,956,1037,969
"2017-07-01",916,1202,1032,893,1987,1386,1374,1155,2099,1339,1095,2121,1008,1425,850,915,909,920,1084,1289,1447,1894,957,1228,913,911,860,930,1131,1306,1675,931,2286,1053,814,879,900,1261,1122,1237,1044,888,1079,1172,1118,1437,1417,1471,961,1040,965
"2017-08-01",920,1198,1036,898,1995,1391,1374,1154,2102,1343,1100,2127,1014,1424,850,916,909,920,1086,1283,1449,1900,959,1233,913,913,862,931,1138,1309,1680,932,2287,1055,823,882,900,1265,1125,1242,1048,890,1083,1172,1123,1424,1418,1478,955,1042,965
"2017-09-01",925,1196,1041,902,2003,1396,1374,1160,2107,1347,1106,2133,1023,1428,848,919,911,926,1088,1288,1451,1903,963,1236,915,916,864,933,1145,1322,1684,936,2290,1059,825,885,902,1267,1129,1249,1050,906,1088,1178,1131,1434,1421,1484,950,1045,961
"2017-10-01",923,1195,1047,904,2011,1400,1376,1163,2115,1352,1108,2141,1028,1430,851,920,912,927,1089,1294,1452,1907,967,1238,914,918,865,934,1150,1326,1689,940,2276,1061,840,895,903,1268,1132,1253,1054,908,1081,1182,1135,1405,1424,1489,954,1048,967
"2017-11-01",926,1192,1053,905,2020,1404,1377,1167,2122,1356,1114,2145,1035,1433,855,921,913,931,1090,1306,1453,1917,972,1240,919,921,870,942,1157,1331,1695,943,2278,1065,836,889,905,1271,1134,1259,1052,918,1084,1189,1132,1406,1425,1492,962,1050,971
"2017-12-01",926,1195,1058,904,2028,1409,1382,1171,2127,1361,1118,2155,1037,1436,859,922,919,929,1093,1205,1454,1928,975,1247,920,922,869,943,1164,1324,1703,944,2281,1068,828,895,906,1274,1138,1264,1058,922,1087,1193,1135,1414,1427,1495,968,1054,973
"2018-01-01",930,1193,1063,910,2036,1414,1385,1171,2126,1367,1126,2156,1046,1440,865,919,922,932,1092,1205,1456,1936,978,1255,926,920,870,945,1173,1333,1707,945,2261,1072,825,898,909,1278,1131,1268,1061,923,1092,1197,1142,1434,1430,1499,966,1056,970
"2018-02-01",932,1198,1074,909,2046,1419,1393,1178,2121,1373,1131,2156,1055,1444,867,921,924,934,1101,1213,1461,1941,981,1265,930,922,871,944,1180,1338,1711,948,2266,1077,823,902,910,1281,1134,1274,1064,922,1095,1201,1154,1446,1435,1504,943,1058,967
"2018-03-01",936,1197,1082,913,2052,1425,1400,1179,2119,1377,1136,2153,1062,1445,868,923,924,936,1102,1215,1465,1947,985,1268,931,925,875,945,1187,1352,1716,953,2271,1080,823,906,912,1283,1138,1280,1066,921,1095,1202,1160,1461,1439,1509,943,1061,967
"2018-04-01",942,1200,1090,913,2059,1431,1403,1183,2128,1382,1141,2151,1067,1447,871,926,925,938,1106,1219,1468,1954,989,1270,932,929,877,949,1195,1358,1722,959,2278,1086,820,909,913,1289,1136,1293,1072,929,1097,1206,1167,1464,1442,1515,949,1063,968
"2018-05-01",946,1205,1096,915,2064,1435,1404,1184,2138,1387,1146,2158,1072,1449,875,924,928,941,1105,1225,1472,1962,990,1272,931,932,875,953,1203,1368,1726,962,2284,1089,826,912,914,1294,1141,1298,1074,922,1100,1206,1168,1458,1446,1518,949,1066,974
"2018-06-01",950,1212,1103,917,2072,1438,1407,1190,2147,1393,1151,2167,1081,1454,878,929,930,943,1107,1232,1475,1966,995,1274,937,934,878,955,1210,1375,1730,965,2290,1092,827,914,915,1300,1144,1305,1078,925,1106,1211,1173,1459,1449,1523,956,1068,979
"2018-07-01",951,1216,1110,919,2080,1443,1412,1191,2155,1398,1155,2174,1089,1458,881,930,930,945,1107,1235,1479,1973,996,1279,939,935,881,958,1218,1381,1735,966,2294,1096,830,917,917,1304,1148,1308,1080,922,1109,1216,1175,1456,1452,1527,952,1071,989
"2018-08-01",954,1216,1117,921,2089,1451,1417,1193,2164,1404,1160,2174,1097,1460,884,932,932,948,1109,1244,1482,1977,999,1286,940,938,883,963,1226,1380,1740,970,2302,1100,829,921,921,1311,1150,1315,1086,929,1113,1217,1182,1471,1457,1531,960,1074,989
"2018-09-01",956,1215,1125,925,2097,1456,1422,1198,2162,1408,1164,2175,1105,1460,887,927,934,950,1108,1253,1484,1982,1004,1292,938,942,884,967,1233,1382,1746,972,2309,1103,829,931,924,1314,1154,1318,1090,927,1115,1219,1188,1469,1460,1536,961,1074,997
"2018-10-01",963,1216,1132,929,2105,1461,1427,1202,2167,1413,1174,2178,1111,1462,890,929,938,954,1110,1261,1488,1990,1006,1298,941,946,882,971,1240,1390,1749,977,2315,1108,831,929,927,1319,1159,1326,1095,929,1123,1223,1194,1466,1465,1542,968,1077,1000
"2018-11-01",968,1217,1139,933,2112,1466,1432,1207,2175,1418,1181,2189,1121,1467,894,931,940,956,1110,1262,1492,1998,1010,1303,946,950,885,970,1248,1399,1754,983,2322,1115,823,935,929,1323,1164,1334,1098,926,1127,1227,1202,1466,1471,1551,969,1080,1010
"2018-12-01",972,1219,1147,935,2120,1472,1436,1208,2187,1424,1188,2189,1127,1474,898,936,940,962,1111,1254,1499,2005,1012,1308,953,952,890,972,1255,1409,1759,992,2327,1121,821,940,931,1329,1169,1336,1102,926,1132,1231,1207,1471,1476,1557,971,1083,1013
"2019-01-01",973,1219,1152,937,2124,1477,1439,1212,2194,1429,1191,2196,1134,1477,906,938,941,954,1112,1264,1500,2007,1019,1310,954,955,899,973,1262,1412,1763,996,2328,1127,824,943,933,1333,1172,1344,1106,932,1131,1232,1212,1477,1473,1563,970,1081,1015
"2019-02-01",976,1221,1160,939,2129,1482,1441,1214,2196,1431,1196,2197,1139,1479,907,939,943,956,1117,1272,1504,2013,1024,1311,955,958,898,977,1266,1418,1769,998,2333,1130,830,949,935,1337,1175,1343,1108,933,1134,1233,1214,1478,1475,1567,969,1086,1015
"2019-03-01",979,1220,1165,941,2134,1485,1442,1217,2202,1435,1201,2204,1145,1482,914,939,946,958,1119,1281,1506,2010,1027,1316,957,961,900,980,1272,1419,1774,999,2339,1134,830,950,938,1341,1180,1351,1113,933,1139,1237,1217,1468,1489,1567,969,1091,1018
"2019-04-01",982,1219,1172,944,2141,1488,1445,1220,2202,1440,1207,2209,1151,1485,912,939,948,961,1120,1288,1510,2015,1030,1322,961,963,904,982,1277,1424,1779,1003,2345,1137,833,953,941,1344,1183,1356,1116,926,1144,1240,1221,1462,1485,1572,968,1095,1022
"2019-05-01",986,1216,1178,947,2150,1493,1449,1224,2208,1445,1212,2214,1158,1489,920,943,950,964,1121,1291,1513,2021,1033,1330,964,966,911,985,1283,1429,1785,1008,2353,1142,835,957,944,1349,1187,1362,1122,935,1150,1245,1227,1460,1489,1576,971,1096,1025
"2019-06-01",990,1217,1186,950,2156,1499,1453,1228,2213,1449,1219,2216,1164,1492,923,943,953,968,1123,1294,1517,2028,1037,1335,963,970,914,988,1288,1436,1791,1015,2361,1147,837,961,946,1353,1192,1368,1125,937,1153,1248,1231,1485,1493,1581,973,1100,1030
"2019-07-01",994,1219,1194,953,2163,1504,1458,1231,2220,1454,1225,2223,1171,1496,927,948,957,970,1126,1299,1520,2038,1040,1340,966,975,915,990,1293,1443,1797,1021,2369,1152,839,966,949,1358,1196,1374,1130,944,1158,1252,1237,1497,1497,1589,979,1102,1032
"2019-08-01",998,1224,1201,955,2169,1507,1463,1238,2222,1458,1231,2230,1177,1501,930,950,960,974,1128,1303,1524,2047,1044,1342,970,978,917,992,1298,1457,1802,1027,2377,1157,840,969,951,1361,1200,1378,1132,943,1163,1255,1239,1516,1501,1597,982,1106,1040
"2019-09-01",1001,1229,1209,955,2175,1512,1468,1240,2232,1464,1237,2237,1183,1507,933,956,963,977,1130,1308,1528,2055,1046,1346,976,980,920,994,1303,1464,1808,1033,2385,1162,841,973,953,1368,1204,1384,1136,949,1169,1259,1241,1511,1506,1605,987,1112,1043
"2019-10-01",1004,1232,1217,955,2181,1518,1473,1243,2237,1469,1240,2242,1192,1512,936,955,965,980,1130,1313,1532,2062,1050,1350,992,982,926,997,1309,1472,1814,1037,2395,1166,842,976,955,1373,1207,1390,1140,950,1171,1260,1245,1520,1510,1613,986,1115,1047
"2019-11-01",1006,1236,1225,957,2187,1523,1477,1245,2240,1474,1243,2241,1197,1515,939,956,968,982,1132,1325,1535,2067,1053,1355,993,985,928,1001,1314,1479,1818,1040,2404,1169,850,980,958,1378,1210,1393,1144,952,1176,1261,1250,1518,1513,1619,988,1118,1047
"2019-12-01",1011,1237,1233,960,2193,1527,1481,1251,2240,1478,1247,2247,1207,1517,941,956,970,985,1131,1344,1536,2074,1057,1358,993,990,929,1007,1318,1491,1822,1044,2415,1172,858,983,960,1381,1213,1399,1147,957,1181,1263,1255,1511,1517,1627,989,1120,1053
"2020-01-01",1016,1243,1244,963,2199,1530,1487,1256,2246,1482,1252,2251,1215,1521,945,959,975,989,1133,1350,1541,2083,1057,1362,998,995,926,1013,1322,1501,1827,1050,2426,1175,864,986,963,1386,1217,1403,1151,957,1189,1267,1257,1500,1523,1635,997,1122,1063
"2020-02-01",1019,1245,1252,966,2205,1534,1491,1259,2258,1488,1257,2258,1223,1525,950,962,978,992,1132,1358,1542,2093,1059,1367,1001,998,930,1016,1328,1511,1832,1058,2436,1179,866,990,965,1391,1222,1415,1156,959,1195,1271,1259,1498,1527,1644,1003,1125,1075
"2020-03-01",1025,1247,1255,974,2206,1539,1501,1267,2264,1494,1265,2244,1223,1530,957,962,985,999,1138,1359,1549,2098,1063,1368,1015,1002,939,1020,1331,1512,1838,1061,2430,1187,856,998,971,1397,1229,1424,1164,959,1200,1276,1264,1517,1533,1653,1000,1130,1075
"2020-04-01",1027,1243,1254,976,2199,1533,1506,1265,2260,1493,1261,2232,1220,1523,960,960,985,1002,1139,1365,1546,2090,1067,1367,1018,1005,942,1024,1330,1513,1739,1060,2166,1187,854,1002,971,1394,1229,1429,1164,965,1201,1274,1263,1521,1531,1647,1006,1132,1069
"2020-05-01",1029,1244,1253,980,2138,1527,1509,1266,2243,1490,1261,2224,1219,1515,963,960,983,1001,1141,1363,1545,2079,1070,1363,1020,1009,938,1027,1324,1507,1742,1055,2156,1187,854,1005,973,1391,1229,1421,1159,967,1201,1269,1262,1530,1526,1638,1008,1134,1014
"2020-06-01",1030,1241,1255,983,2081,1492,1512,1263,2224,1489,1263,2227,1219,1509,966,962,983,1006,1145,1369,1542,1927,1074,1365,1021,1011,942,1028,1320,1502,1744,1058,2142,1181,854,1008,974,1387,1230,1425,1161,970,1203,1263,1265,1534,1521,1625,1008,1135,1011
"2020-07-01",1037,1245,1265,989,2083,1498,1517,1269,2206,1493,1270,2226,1233,1508,972,965,989,1011,1152,1382,1546,1667,1081,1366,1025,1017,951,1032,1325,1511,1750,1062,2132,1186,857,1013,979,1393,1235,1432,1164,971,1208,1264,1273,1544,1522,1623,1012,1140,1059
"2020-08-01",1041,1245,1277,995,2086,1530,1529,1281,2188,1498,1279,2222,1252,1507,979,970,993,1010,1158,1393,1547,1915,1088,1389,1035,1024,966,1037,1338,1515,1758,1073,2121,1193,860,1018,984,1401,1237,1452,1173,973,1214,1266,1281,1537,1525,1625,1014,1143,1018
"2020-09-01",1050,1251,1292,1002,2174,1537,1543,1293,NA,1506,1289,2224,1274,1505,987,973,1002,1014,1164,1405,1551,1910,1096,1374,1044,1030,990,1041,1355,1528,1846,1080,2107,1205,866,1024,991,1407,1245,1465,1180,977,1221,1270,1287,1545,1530,1627,1021,1145,1020
"2020-10-01",1055,1261,1309,1008,2180,1543,1561,1310,2143,1517,1299,2229,1299,1501,995,978,1007,1017,1166,1423,1560,2023,1104,1379,1056,1036,1005,1041,1374,1548,1857,1093,2276,1205,870,1031,997,1415,1253,1483,1189,981,1230,1275,1299,1553,1535,1628,1027,1150,1023
"2020-11-01",1067,1273,1324,1015,2188,1550,1572,1317,2131,1530,1311,2249,1323,1499,1001,981,1012,1021,1183,1438,1567,2020,1114,1379,1054,1041,1021,1040,1391,1563,1861,1106,2271,1215,862,1037,1005,1424,1259,1498,1187,990,1235,1282,1311,1568,1540,1627,1032,1154,1028
"2020-12-01",1074,1281,1338,1021,2196,1556,1581,1330,2122,1544,1324,2258,1352,1500,1009,983,1010,1026,1181,1446,1574,2028,1123,1379,1056,1046,1024,1044,1406,1583,1866,1117,2269,1224,858,1041,1013,1433,1266,1514,1196,992,1242,1289,1321,1571,1545,1628,1038,1179,1036
"2021-01-01",1084,1280,1352,1028,2205,1563,1590,1338,2125,1559,1340,2268,1371,1492,1008,984,1012,1033,1190,1455,1580,2028,1132,1379,1059,1053,1037,1052,1422,1595,1876,1125,2271,1239,863,1049,1018,1443,1262,1520,1206,1006,1250,1298,1332,1575,1553,1636,1044,1131,1033
"2021-02-01",1091,1279,1369,1037,2214,1573,1602,1354,2128,1577,1356,2296,1359,1497,1013,990,1016,1039,1194,1465,1588,2047,1143,1381,1068,1060,1238,1061,1439,1608,1888,1135,2277,1243,871,1055,1025,1445,1269,1531,1216,1010,1260,1305,1345,1577,1562,1645,1051,1148,1031
"2021-03-01",1099,1277,1389,1046,2226,1611,1612,1371,2133,1601,1370,2323,1380,1499,1018,993,1022,1041,1201,1478,1595,2042,1149,1386,1077,1067,1247,1065,1455,1607,1900,1145,2291,1253,874,1065,1030,1453,1276,1546,1226,1018,1270,1314,1360,1587,1571,1659,1054,1137,1033
"2021-04-01",1110,1280,1416,1058,2243,1626,1623,1388,2137,1628,1389,2361,1412,1513,1024,999,1032,1047,1199,1487,1607,2062,1155,1393,1090,1074,1269,1070,1471,1622,1912,1160,2304,1271,876,1071,1041,1476,1286,1567,1239,1023,1285,1327,1378,1595,1585,1676,1055,1148,1046
"2021-05-01",1123,1296,1447,1066,2267,1646,1642,1406,2153,1655,1411,2387,1449,1528,1036,1003,1041,1057,1216,1503,1624,2083,1163,1403,1105,1083,1292,1078,1502,1653,1925,1177,2327,1288,876,1081,1053,1483,1300,1590,1255,1033,1309,1345,1398,1602,1605,1702,1060,1153,1059
"2021-06-01",1139,1319,1482,1071,2295,1674,1662,1421,2183,1562,1448,2422,1484,1544,1048,1006,1052,1066,1225,1526,1644,2108,1167,1413,1123,1096,1323,1089,1541,1690,1941,1197,2358,1310,882,1091,1066,1503,1316,1604,1274,1044,1327,1369,1420,1617,1629,1732,1072,1160,1069
"2021-07-01",1154,1329,1514,1079,2328,1700,1686,1527,2212,1715,1465,2448,1507,1558,1061,1009,1059,1077,1234,1553,1664,2130,1178,1422,1134,1107,1344,1099,1583,1720,1961,1217,2393,1330,882,1102,1081,1519,1329,1625,1295,1056,1349,1387,1444,1636,1652,1760,1075,1166,1084
"2021-08-01",1170,1334,1546,1093,2363,1726,1700,1544,2240,1790,1498,2400,1527,1572,1075,1013,1066,1089,1241,1580,1684,2154,1194,1431,1140,1116,1358,1108,1617,1746,1986,1239,2434,1352,885,1113,1095,1537,1343,1636,1315,1069,1375,1409,1466,1669,1674,1787,1066,1175,1093
"2021-09-01",1183,1352,1574,1104,2397,1747,1719,1553,2263,1835,1517,2425,1541,1587,1080,1020,1072,1103,1266,1595,1704,2184,1208,1439,1149,1125,1366,1116,1648,1772,2009,1261,2468,1372,885,1124,1109,1555,1354,1658,1333,1082,1396,1430,1492,1679,1693,1810,1065,1187,1108
"2021-10-01",1200,1362,1599,1116,2422,1762,1726,1572,2292,1871,1542,2443,1552,1601,1091,1026,1080,1115,1280,1603,1716,2214,1217,1445,1167,1135,1383,1128,1671,1794,2033,1272,2516,1389,893,1136,1118,1570,1365,1672,1353,1097,1418,1447,1513,1688,1709,1831,1074,1198,1115
"2021-11-01",1206,1368,1620,1125,2444,1775,1744,1588,2311,1904,1552,2457,1563,1615,1104,1031,1089,1124,1293,1619,1728,2238,1225,1451,1189,1145,1396,1137,1689,1811,2052,1281,2555,1404,900,1147,1126,1582,1377,1691,1371,1111,1422,1461,1530,1685,1724,1849,1079,1206,1076
"2021-12-01",1218,1377,1616,1134,2465,1789,1761,1609,2324,1936,1555,2548,1567,1628,1117,1028,1100,1132,1304,1647,1739,2254,1236,1458,1199,1156,1414,1144,1698,1823,2076,1294,2589,1417,903,1156,1136,1592,1391,1707,1400,1129,1439,1473,1548,1711,1740,1867,1088,1193,1083
"2022-01-01",1225,1391,1630,1141,2486,1803,1759,1614,2328,1964,1564,2488,1528,1640,1114,1034,1111,1133,1307,1669,1752,2281,1244,1466,1186,1165,1479,1148,1708,1797,2090,1295,2615,1434,901,1162,1146,1601,1400,1726,1396,1145,1451,1483,1563,1731,1750,1853,1099,1196,1090
"2022-02-01",1234,1401,1640,1147,2505,1815,1771,1629,2333,1989,1576,2506,1539,1650,1122,1039,1119,1142,1317,1672,1761,2276,1252,1473,1190,1175,1502,1152,1714,1778,2112,1308,2637,1444,901,1177,1156,1610,1409,1742,1405,1160,1466,1494,1556,1753,1762,1850,1104,1169,1100
"2022-03-01",1228,1414,1649,1152,2521,1826,1783,1633,2344,2012,1583,2517,1548,1661,1132,1042,1129,1155,1323,1678,1770,2288,1259,1479,1195,1182,1517,1160,1722,1798,2129,1337,2650,1456,907,1178,1167,1620,1416,1759,1419,1173,1476,1501,1564,1760,1760,1857,1113,1173,1106
"2022-04-01",1235,1430,1658,1160,2541,1844,1803,1655,2357,2039,1594,2538,1563,1674,1145,1047,1137,1167,1296,1687,1784,2306,1266,1485,1196,1192,1528,1170,1733,1828,2154,1338,2657,1470,916,1189,1182,1634,1427,1773,1435,1186,1499,1513,1579,1779,1774,1872,1117,1181,1108
"2022-05-01",1243,1443,1663,1170,2552,1858,1818,1671,2366,2066,1606,2548,1555,1687,1154,1054,1146,1176,1299,1714,1792,2328,1280,1492,1200,1183,1537,1180,1739,1844,2177,1342,2683,1483,925,1194,1187,1651,1423,1795,1452,1198,1504,1522,1594,1807,1788,1883,1129,1191,1114
"2022-06-01",1248,1457,1666,1180,2568,1868,1830,1689,2369,2086,1611,2553,1563,1694,1164,1062,1167,1185,1305,1723,1804,2352,1285,1496,1210,1187,1541,1190,1742,1856,2202,1350,2708,1496,929,1204,1194,1668,1432,1815,1465,1218,1500,1534,1604,1824,1801,1891,1134,1199,1124
"2022-07-01",1254,1470,1666,1193,2576,1872,1838,1692,2374,2097,1621,2557,1564,1698,1171,1071,1163,1194,1310,1736,1809,2374,1291,1493,1225,1201,1559,1199,1738,1861,2225,1360,2732,1510,934,1212,1197,1679,1440,1831,1477,1223,1508,1541,1607,1844,1812,1899,1142,1202,1130
"2022-08-01",1258,1480,1665,1201,2582,1874,1848,1696,2381,2100,1626,2569,1565,1707,1175,1075,1172,1201,1312,1741,1813,2394,1288,1496,1238,1203,1576,1206,1729,1870,2239,1362,2752,1518,937,1215,1198,1685,1445,1840,1485,1237,1513,1545,1610,1857,1818,1897,1142,1224,1134
"2022-09-01",1261,1481,1661,1198,2587,1875,1857,1700,2388,2103,1628,2572,1563,1717,1177,1077,1178,1207,1310,1755,1814,2409,1291,1499,1247,1209,1589,1213,1716,1869,2249,1366,2760,1523,964,1219,1195,1689,1449,1843,1489,1237,1512,1546,1612,1870,1824,1898,1149,1215,1136
"2022-10-01",1264,1484,1657,1199,2591,1881,1869,1702,2389,2108,1629,2574,1560,1726,1179,1078,1182,1211,1308,1771,1816,2421,1293,1501,1253,1215,1591,1220,1702,1873,2254,1374,2770,1529,966,1221,1187,1693,1453,1854,1494,1205,1515,1546,1613,1881,1828,1898,1126,1226,1142
"2022-11-01",1271,1491,1656,1206,2595,1887,1875,1708,2395,2116,1633,2583,1560,1725,1182,1082,1186,1217,1306,1702,1817,2432,1295,1485,1256,1220,1586,1228,1698,1878,2261,1385,2774,1529,972,1228,1192,1693,1454,1863,1499,1202,1524,1546,1616,1892,1832,1899,1131,1230,1153
"2022-12-01",1267,1501,1659,1212,2598,1894,1880,1709,2403,2122,1640,2608,1559,1734,1181,1088,1192,1224,1308,1705,1822,2442,1296,1489,1267,1226,1588,1236,1695,1889,2268,1393,2779,1525,980,1229,1194,1687,1457,1873,1505,1204,1528,1548,1617,1904,1830,1901,1133,1234,1155
"2023-01-01",1270,1532,1662,1221,2601,1908,1890,1722,2412,2128,1644,2629,1563,1734,1189,1092,1196,1232,1310,1704,1817,2454,1301,1486,1268,1231,1590,1245,1701,1915,2280,1403,2787,1526,987,1236,1199,1691,1464,1878,1512,1201,1535,1552,1634,1910,1837,1904,1132,1241,1169
"2023-02-01",1277,1555,1666,1227,2603,1915,1900,1722,2417,2133,1649,2624,1563,1743,1200,1096,1197,1227,1314,1720,1826,2465,1304,1491,1260,1226,1594,1253,1709,1929,2289,1406,2793,1526,994,1242,1201,1697,1469,1885,1516,1204,1541,1555,1636,1923,1845,1908,1143,1250,1166
"2023-03-01",1282,1564,1672,1232,2612,1924,1916,1737,2423,2140,1657,2620,1568,1745,1207,1101,1203,1238,1316,1730,1839,2479,1307,1495,1261,1226,1604,1261,1716,1933,2302,1415,2803,1534,998,1248,1202,1700,1472,1897,1522,1209,1546,1560,1638,1940,1854,1915,1114,1257,1201
"2023-04-01",1278,1574,1675,1235,2617,1924,1924,1739,2427,2144,1662,2626,1563,1752,1206,1106,1209,1237,1321,1748,1844,2492,1311,1498,1275,1229,1571,1266,1719,1932,2313,1389,2811,1538,1001,1248,1204,1689,1477,1912,1531,1214,1549,1560,1638,1950,1860,1913,1120,1265,1176
"2023-05-01",1275,1576,1677,1247,2617,1928,1934,1748,2434,2143,1658,2642,1560,1760,1211,1108,1207,1246,1316,1750,1849,2503,1315,1499,1284,1241,1578,1272,1716,1935,2326,1388,2823,1539,1005,1251,1209,1681,1469,1923,1535,1218,1547,1561,1638,1951,1861,1909,1110,1270,1188
"2023-06-01",1278,1580,1674,1242,2618,1932,1944,1748,2435,2141,1654,2650,1555,1766,1213,1109,1211,1252,1318,1762,1848,2511,1318,1502,1290,1239,1576,1275,1710,1940,2333,1391,2833,1535,1013,1250,1212,1667,1471,1936,1538,1215,1547,1557,1637,1960,1862,1905,1114,1275,1184
"2023-07-01",1279,1588,1676,1245,2622,1935,1955,1756,2443,2139,1653,2660,1554,1775,1217,1111,1215,1254,1318,1760,1852,2522,1322,1504,1291,1245,1575,1278,1709,1946,2340,1394,2842,1536,1023,1254,1217,1666,1474,1948,1541,1219,1550,1557,1639,1967,1864,1908,1117,1283,1191
"2023-08-01",1288,1593,1675,1245,2625,1939,1968,1763,2450,2140,1651,2669,1554,1784,1221,1115,1215,1258,1320,1764,1856,2535,1319,1507,1291,1244,1572,1282,1707,1959,2348,1399,2850,1537,1030,1260,1221,1667,1479,1964,1544,1219,1547,1556,1639,1966,1870,1910,1128,1290,1196
"2023-09-01",1288,1599,1674,1249,2629,1944,1975,1767,2459,2144,1651,2688,1558,1791,1227,1120,1221,1262,1322,1771,1862,2548,1322,1508,1294,1249,1574,1287,1710,1971,2358,1404,2862,1540,1034,1265,1225,1672,1483,1980,1550,1226,1549,1556,1638,1969,1878,1915,1108,1295,1200
"2023-10-01",1293,1606,1674,1254,2634,1953,1986,1769,2465,2145,1648,2710,1562,1799,1232,1125,1215,1270,1325,1778,1868,2560,1325,1513,1298,1253,1574,1293,1714,1980,2372,1413,2871,1542,1039,1272,1230,1675,1490,1982,1554,1226,1551,1558,1644,1981,1886,1921,1134,1298,1203
"2023-11-01",1297,1610,1675,1259,2636,1960,1997,1774,2467,2146,1652,2723,1565,1807,1237,1129,1222,1279,1326,1787,1874,2572,1334,1518,1297,1259,1580,1298,1720,1976,2373,1419,2876,1545,1045,1277,1235,1677,1494,1986,1558,1230,1552,1558,1645,1924,1896,1926,1137,1301,1199
"2023-12-01",1299,1622,1676,1252,2642,1964,2007,1787,2469,2146,1655,2715,1571,1816,1248,1134,1230,1286,1330,1862,1878,2581,1340,1522,1297,1266,1583,1302,1727,1983,2382,1425,2885,1551,1050,1287,1238,1678,1498,1997,1554,1233,1554,1560,1664,1933,1902,1933,1140,1306,1208
"2024-01-01",1305,1628,1678,1256,2646,1969,2018,1789,2467,2149,1659,2726,1555,1825,1247,1139,1235,1294,1330,1799,1884,2591,1346,1524,1306,1270,1584,1304,1729,1989,2391,1424,2893,1551,1055,1293,1242,1681,1499,2012,1553,1238,1561,1560,1666,2016,1901,1940,1148,1309,1208
"2024-02-01",1308,1626,1680,1252,2653,1978,2029,1795,2474,2154,1663,2746,1563,1842,1252,1144,1240,1300,1333,1809,1889,2600,1351,1528,1316,1276,1589,1304,1729,1998,2398,1428,2910,1555,1058,1300,1249,1688,1500,2025,1548,1240,1564,1559,1662,1942,1909,1948,1132,1311,1224
"2024-03-01",1312,1634,1681,1259,2658,1983,2043,1793,2476,2157,1668,2778,1564,1839,1257,1146,1243,1308,1333,1825,1894,2611,1362,1533,1331,1281,1600,1309,1731,2003,2408,1436,2926,1558,1070,1302,1249,1695,1506,2031,1551,1239,1567,1560,1661,1954,1919,1952,1144,1311,1213
"2024-04-01",1314,1638,1683,1264,2665,1984,2056,1804,2487,2159,1666,2775,1566,1848,1262,1150,1249,1314,1336,1832,1899,2621,1365,1538,1329,1287,1611,1319,1739,2013,2415,1437,2927,1560,1075,1307,1253,1703,1511,2044,1555,1242,1570,1558,1659,1960,1926,1957,1149,1316,1220
"2024-05-01",1321,1648,1684,1270,2671,1985,2068,1807,2494,2160,1668,2781,1554,1853,1266,1153,1254,1318,1341,1837,1909,2628,1370,1542,1339,1294,1613,1319,1748,2020,2422,1441,2929,1560,1080,1312,1254,1710,1516,2047,1559,1247,1575,1559,1662,1973,1935,1961,1153,1322,1220
"2024-06-01",1326,1652,1686,1267,2677,1987,2081,1815,2508,2161,1671,2790,1556,1846,1270,1154,1261,1324,1346,1835,1919,2636,1380,1544,1341,1297,1614,1319,1754,2029,2430,1445,2936,1565,1083,1317,1260,1715,1522,2052,1565,1252,1578,1561,1664,1895,1945,1965,1154,1327,1218
"2024-07-01",1328,1657,1686,1272,2682,1992,2091,1821,2515,2165,1668,2803,1559,1853,1277,1158,1267,1330,1350,1840,1925,2645,1380,1546,1349,1306,1617,1319,1751,2040,2439,1453,2940,1560,1087,1323,1264,1719,1527,2061,1570,1257,1577,1561,1668,1894,1955,1968,1159,1333,1224
"2024-08-01",1332,1666,1687,1275,2688,1994,2101,1823,2520,2168,1667,2810,1564,1859,1282,1159,1272,1337,1355,1852,1928,2648,1390,1548,1352,1311,1629,1325,1754,2049,2444,1456,2942,1569,1091,1326,1264,1724,1531,2078,1576,1257,1580,1561,1670,1898,1963,1971,1165,1338,1233
"2024-09-01",1336,1671,1688,1280,2695,1996,2108,1832,2524,2171,1670,2811,1568,1868,1287,1163,1276,1339,1361,1861,1932,2654,1392,1554,1363,1313,1631,1328,1756,2052,2451,1458,2947,1565,1097,1331,1267,1727,1534,2082,1580,1256,1582,1562,1674,1903,1968,1974,1172,1343,1234
"2024-10-01",1343,1676,1689,1283,2701,1995,2114,1838,2534,2173,1675,2817,1568,1878,1291,1165,1281,1344,1367,1867,1936,2659,1399,1558,1364,1312,1639,1330,1757,2060,2456,1457,2971,1567,1103,1335,1272,1723,1540,2089,1585,1260,1586,1562,1673,1913,1963,1978,1176,1346,1245
"2024-11-01",1341,1681,1689,1286,2711,1992,2123,1848,2543,2177,1675,2833,1571,1890,1298,1170,1286,1341,1374,1870,1941,2672,1404,1562,1373,1316,1636,1334,1759,2059,2464,1460,2969,1571,1111,1342,1276,1726,1546,2090,1591,1265,1589,1562,1674,1915,1969,1985,1186,1351,1251
"2024-12-01",1346,1680,1688,1288,2716,1990,2137,1855,2557,2181,1678,2855,1577,1899,1302,1173,1293,1341,1373,1878,1946,2682,1409,1571,1376,1320,1637,1339,1759,2074,2473,1464,2988,1579,1113,1346,1281,1723,1546,2102,1603,1271,1589,1563,1671,1940,1979,1991,1192,1351,1264
"2025-01-01",1351,1673,1689,1295,2727,1991,2149,1864,2565,2185,1682,2865,1577,1907,1306,1168,1292,1342,1375,1886,1951,2685,1413,1570,1385,1328,1641,1343,1764,2075,2482,1475,2998,1576,1113,1352,1284,1726,1551,2117,1600,1268,1590,1564,1677,1939,1980,1996,1197,1367,1258
"2025-02-01",1355,1681,1690,1304,2736,1991,2161,1866,2575,2186,1689,2939,1577,1916,1312,1170,1296,1346,1380,1893,1956,2694,1419,1575,1389,1332,1637,1350,1770,2089,2489,1482,3008,1579,1121,1353,1288,1729,1556,2125,1604,1266,1593,1565,1674,1943,1986,2002,1200,1368,1257
"2025-03-01",1357,1693,1688,1302,2746,1991,2167,1867,2579,2186,1692,2940,1589,1924,1315,1174,1300,1349,1383,1896,1960,2703,1422,1581,1391,1337,1642,1354,1770,2091,2496,1488,3018,1582,1123,1360,1285,1734,1557,2128,1608,1264,1590,1567,1679,1928,1988,2006,1207,1371,1253
"2025-04-01",1362,1692,1687,1307,2747,1990,2171,1866,2575,2185,1695,2923,1594,1934,1316,1176,1303,1355,1388,1894,1962,2708,1427,1585,1395,1342,1639,1357,1767,2103,2502,1489,3028,1580,1132,1365,1288,1735,1562,2133,1613,1268,1599,1567,1677,1928,1994,2010,1210,1374,1263
"2025-05-01",1364,1696,1684,1309,2749,1994,2174,1875,2568,2183,1695,2936,1599,1942,1314,1180,1306,1355,1387,1897,1963,2711,1428,1589,1397,1346,1642,1359,1767,2104,2509,1491,3025,1583,1136,1370,1290,1739,1559,2148,1616,1237,1591,1567,1679,1932,1996,2012,1217,1378,1272
"2025-06-01",1367,1697,1682,1310,2752,1993,2174,1882,2559,2182,1695,2953,1605,1950,1319,1182,1311,1357,1387,1907,1965,2715,1431,1595,1404,1349,1640,1363,1765,2109,2512,1492,3038,1584,1144,1375,1291,1741,1565,2160,1617,1241,1591,1564,1680,1936,1999,2016,1225,1383,1278
"2025-07-01",1369,1703,1683,1313,2759,1992,2180,1887,2556,2184,1699,2962,1608,1960,1323,1185,1316,1362,1390,1918,1969,2720,1433,1602,1409,1352,1648,1368,1771,2114,2519,1493,3053,1587,1145,1377,1295,1744,1571,2168,1621,1244,1594,1564,1681,1948,2003,2020,1235,1386,1279
"2025-08-01",1374,1708,1684,1318,2766,1991,2184,1895,2555,2186,1705,2977,1613,1970,1328,1182,1322,1366,1393,1922,1974,2728,1438,1608,1417,1358,1648,1372,1776,2118,2527,1498,3068,1594,1151,1381,1307,1747,1576,2168,1624,1248,1597,1565,1683,1954,2008,2026,1233,1385,1279
"2025-09-01",1378,1717,1685,1321,2774,1990,2195,1899,2553,2187,1710,2992,1616,1978,1332,1184,1328,1372,1395,1927,1979,2734,1442,1614,1419,1361,1653,1376,1780,2128,2534,1503,3084,1590,1156,1384,1304,1749,1581,2178,1627,1252,1606,1566,1684,1942,2014,2030,1237,1390,1285
"2025-10-01",1379,1723,1686,1321,2781,1987,2203,1907,2549,2187,1714,3005,1621,1986,1338,1188,1333,1372,1400,1931,1982,2742,1445,1614,1427,1369,1655,1381,1784,2135,2541,1508,3100,1595,1161,1391,1304,1752,1585,2192,1631,1252,1602,1566,1690,1943,2016,2033,1243,1402,1284
"2025-11-01",1382,1730,1686,1324,2787,1988,2209,1909,2546,2187,1716,3015,1638,1992,1349,1190,1337,1381,1400,1922,1985,2744,1447,1618,1433,1372,1663,1384,1785,2146,2545,1510,3110,1597,1150,1393,1303,1756,1590,2209,1634,1267,1598,1566,1690,1947,2026,2035,1246,1403,1289
"2025-12-01",1386,1739,1685,1329,2794,1988,2212,1911,2539,2186,1716,3026,1622,1999,1344,1192,1349,1375,1398,1945,1988,2749,1448,1617,1442,1375,1668,1388,1786,2146,2549,1512,3132,1596,1164,1394,1306,1760,1600,2213,1630,1255,1597,1565,1693,1933,2015,2035,1252,1405,1278
"2026-01-01",1388,1742,1684,1321,2798,1987,2214,1913,2536,2185,1717,3038,1627,2020,1345,1188,1337,1383,1402,1934,1990,2751,1450,1604,1444,1373,1666,1390,1785,2154,2551,1530,3120,1596,1170,1398,1310,1761,1594,2214,1633,1267,1585,1566,1691,1905,2015,2035,1255,1406,1289
"2026-02-01",1396,1748,1682,1330,2803,1989,2216,1922,2529,2184,1713,3053,1630,2010,1347,1192,1352,1385,1406,1935,1992,2756,1451,1608,1447,1380,1674,1379,1787,2155,2556,1531,3125,1598,1174,1403,1313,1761,1599,2220,1635,1269,1589,1564,1694,1908,2022,2036,1261,1411,1517
"2026-03-01",1394,1780,1680,1308,2808,1987,2220,1933,2528,2184,1717,3072,1644,2018,1349,1196,1354,1385,1409,1911,1993,2760,1457,1602,1451,1376,1669,1381,1786,2164,2560,1544,3138,1596,1176,1409,1317,1760,1603,2232,1639,1276,1582,1562,1695,1863,2011,2036,1266,1411,1514
"2026-04-01",1394,1793,1681,1311,2819,1987,2226,1941,2527,2187,1713,3121,1666,2026,1350,1186,1355,1386,1410,1902,1997,2766,1462,1606,1457,1379,1674,1385,1789,2167,2565,1547,3136,1599,1181,1406,1320,1757,1603,2238,1640,1288,1584,1563,1701,1873,2009,2040,1271,1415,1524
"2026-05-01",1398,1799,1683,1314,2830,1985,2234,1944,2530,2191,1719,3143,1676,2029,1355,1186,1361,1390,1418,1858,2000,2776,1469,1610,1462,1386,1659,1389,1790,2179,2569,1551,3149,1601,1181,1404,1322,1760,1611,2241,1642,1291,1580,1562,1703,1879,2014,2044,1274,1419,1509
"2026-06-01",1400,1810,1685,1317,2843,1988,2243,1947,2532,2195,1719,3159,1672,2033,1347,1182,1359,1363,1419,1864,2001,2785,1476,1611,1457,1388,1659,1391,1795,2165,2575,1546,3157,1606,1183,1400,1327,1761,1608,2244,1644,1301,1576,1564,1707,1867,2012,2047,1257,1416,1534
